image_id,n_objects,mean_area,density_class,quality_flag,n_objects_measured,mean_area_measured,narrative
test_000,8,52,sparse,ok,8,52.25,"The image contains a moderate number of objects, with areas ranging from 20 to 111 pixels. The objects are relatively small and have a low density in the image. Overall, the image appears to be well-segmented."
test_001,14,54,sparse,ok,14,53.92857142857143,"The image contains a moderate number of objects, with areas ranging from 17 to 169 pixels. The mean object intensity is relatively high, suggesting that the objects are densely packed. Overall, the image appears to be well-structured and free of obvious errors."
test_002,25,59,sparse,ok,25,59.12,"The image contains a moderate number of objects, with most having relatively small areas. The objects appear to be well-defined and have a solid structure, suggesting that they are likely to be meaningful features in the image. Overall, the image quality is good."
test_003,19,55,sparse,ok,19,54.8421052631579,"The image contains a moderate number of objects, with areas ranging from 19 to 135 pixels. The objects appear to be relatively small and evenly distributed within the image. Overall, the image quality is good."
test_004,43,83,moderate,ok,43,82.55813953488372,"The image contains a moderate density of objects, with most having relatively small areas. The object intensity is generally consistent across the image. Overall, the image appears to be well-structured and suitable for further analysis."
test_005,15,110,sparse,ok,15,109.86666666666666,"The image contains a moderate number of objects, with areas ranging from small to medium. The overall density of the objects is relatively low, suggesting that they may be spread out across the image."
test_006,8,52,sparse,ok,8,52.125,"The image contains a moderate number of objects, with areas ranging from 20 to 80 pixels. The objects appear to be well-defined and densely packed, suggesting a relatively uniform density class. Overall, the image quality is good."
test_007,23,53,sparse,ok,23,52.78260869565217,"The image contains a moderate number of objects, with areas ranging from small to medium. The overall density of the objects is relatively low, suggesting that they may be spread out across the image."
test_008,22,64,sparse,ok,22,63.63636363636363,"The image contains a moderate number of objects, with areas ranging from 17 to 262 pixels. The objects are relatively small and evenly distributed, suggesting a sparse density class. Overall, the image appears to be of good quality."
test_009,21,47,sparse,ok,21,47.42857142857143,"The image contains a moderate number of objects, with areas ranging from small to medium. The overall density of the objects is relatively low, suggesting that they may be spread out across the image."
test_010,35,97,sparse,ok,35,96.54285714285714,"The image contains a moderate number of objects, with areas ranging from small to large. The mean object intensity is relatively low, suggesting that the objects may be faint or have varying levels of contrast. Overall, the image appears to be well-structured and suitable for further analysis."
test_011,18,54,sparse,ok,18,54.22222222222222,"The image contains a moderate number of objects, with areas ranging from 17 to 232 pixels. The mean object intensity is relatively low, suggesting that the objects may be faint or have varying levels of contrast. Overall, the image appears to be well-structured and suitable for further analysis."
